+2 Mace,https://api.scryfall.com/cards/e882c9f9-bf30-46b6-bedc-379d2c80e5cb,https://c1.scryfall.com/file/scryfall-cards/normal/front/e/8/e882c9f9-bf30-46b6-bedc-379d2c80e5cb.jpg?1627701221,{1}{W},2.0,Artifact — Equipment,['W'],['W'],True,Adventures in the Forgotten Realms,common,Jarel Threat,"{'usd': '0.01', 'usd_foil': '0.05'}"
Arborea Pegasus,https://api.scryfall.com/cards/fc45c9d4-ecc7-4a9d-9efe-f4b7d697dd97,https://c1.scryfall.com/file/scryfall-cards/normal/front/f/c/fc45c9d4-ecc7-4a9d-9efe-f4b7d697dd97.jpg?1627701260,{3}{W},4.0,Creature — Pegasus,['W'],['W'],True,Adventures in the Forgotten Realms,common,Justyna Gil,"{'usd': '0.01', 'usd_foil': '0.03'}"
Blink Dog,https://api.scryfall.com/cards/cc040492-7fb7-4fdb-aafe-8179e5f2b28c,https://c1.scryfall.com/file/scryfall-cards/normal/front/c/c/cc040492-7fb7-4fdb-aafe-8179e5f2b28c.jpg?1627701285,{2}{W},3.0,Creature — Dog,['W'],['W'],True,Adventures in the Forgotten Realms,uncommon,Oriana Menendez,"{'usd': '0.06', 'usd_foil': '0.05'}"
The Book of Exalted Deeds,https://api.scryfall.com/cards/a1899bb1-dd8e-4437-8ea3-4ad637eabf2b,https://c1.scryfall.com/file/scryfall-cards/normal/front/a/1/a1899bb1-dd8e-4437-8ea3-4ad637eabf2b.jpg?1632261616,{W}{W}{W},3.0,Legendary Artifact,['W'],['W'],True,Adventures in the Forgotten Realms,mythic,Daniel Ljunggren,"{'usd': '3.60', 'usd_foil': '5.32'}"
Celestial Unicorn,https://api.scryfall.com/cards/f2d68812-8862-4e34-a992-7d6bbadaf316,https://c1.scryfall.com/file/scryfall-cards/normal/front/f/2/f2d68812-8862-4e34-a992-7d6bbadaf316.jpg?1627701360,{2}{W},3.0,Creature — Unicorn,['W'],['W'],True,Adventures in the Forgotten Realms,common,Johannes Voss,"{'usd': '0.14', 'usd_foil': '0.19'}"
Cleric Class,https://api.scryfall.com/cards/47ce8b7e-d8e1-489a-a69e-99089eeb8739,https://c1.scryfall.com/file/scryfall-cards/normal/front/4/7/47ce8b7e-d8e1-489a-a69e-99089eeb8739.jpg?1627701390,{W},1.0,Enchantment — Class,['W'],['W'],True,Adventures in the Forgotten Realms,uncommon,Alayna Danner,"{'usd': '1.12', 'usd_foil': '1.68'}"
Cloister Gargoyle,https://api.scryfall.com/cards/297bf274-d13d-4b75-b251-2d004b16b431,https://c1.scryfall.com/file/scryfall-cards/normal/front/2/9/297bf274-d13d-4b75-b251-2d004b16b431.jpg?1627701438,{2}{W},3.0,Artifact Creature — Gargoyle,['W'],['W'],True,Adventures in the Forgotten Realms,uncommon,Mark Zug,"{'usd': '0.02', 'usd_foil': '0.04'}"
Dancing Sword,https://api.scryfall.com/cards/9c3d7824-1297-408c-a11f-0622cab9c4c3,https://c1.scryfall.com/file/scryfall-cards/normal/front/9/c/9c3d7824-1297-408c-a11f-0622cab9c4c3.jpg?1627701492,{1}{W},2.0,Artifact — Equipment,['W'],['W'],True,Adventures in the Forgotten Realms,rare,Wisnu Tan,"{'usd': '0.14', 'usd_foil': '0.19'}"
Dawnbringer Cleric,https://api.scryfall.com/cards/c00856f7-fef5-4ba5-9079-59a81d452c82,https://c1.scryfall.com/file/scryfall-cards/normal/front/c/0/c00856f7-fef5-4ba5-9079-59a81d452c82.jpg?1627701517,{1}{W},2.0,Creature — Human Cleric,['W'],['W'],True,Adventures in the Forgotten Realms,common,Lie Setiawan,"{'usd': '0.16', 'usd_foil': '0.21'}"
Delver's Torch,https://api.scryfall.com/cards/53df7b80-71bf-4013-ad44-f76eae8ac81b,https://c1.scryfall.com/file/scryfall-cards/normal/front/5/3/53df7b80-71bf-4013-ad44-f76eae8ac81b.jpg?1627701548,{1}{W},2.0,Artifact — Equipment,['W'],['W'],True,Adventures in the Forgotten Realms,common,Bram Sels,"{'usd': '0.02', 'usd_foil': '0.05'}"
Devoted Paladin,https://api.scryfall.com/cards/3620ed96-1d15-4942-b9e5-9f9a64b0cab4,https://c1.scryfall.com/file/scryfall-cards/normal/front/3/6/3620ed96-1d15-4942-b9e5-9f9a64b0cab4.jpg?1627701579,{4}{W},5.0,Creature — Orc Knight,['W'],['W'],True,Adventures in the Forgotten Realms,common,Chris Rallis,"{'usd': '0.02', 'usd_foil': '0.06'}"
Divine Smite,https://api.scryfall.com/cards/6b8d0852-4df3-4b29-830d-c6975265ef53,https://c1.scryfall.com/file/scryfall-cards/normal/front/6/b/6b8d0852-4df3-4b29-830d-c6975265ef53.jpg?1627701606,{1}{W},2.0,Instant,['W'],['W'],True,Adventures in the Forgotten Realms,uncommon,Bryan Sola,"{'usd': '0.03', 'usd_foil': '0.09'}"
Dragon's Disciple,https://api.scryfall.com/cards/9e5e6b78-3e99-49f5-9eaf-bbb2e9789fbe,https://c1.scryfall.com/file/scryfall-cards/normal/front/9/e/9e5e6b78-3e99-49f5-9eaf-bbb2e9789fbe.jpg?1627701640,{1}{W},2.0,Creature — Human Monk,['W'],['W'],True,Adventures in the Forgotten Realms,uncommon,Lucas Graciano,"{'usd': '0.01', 'usd_foil': '0.05'}"
Dwarfhold Champion,https://api.scryfall.com/cards/2404a028-05f5-469b-80e0-e820721ff266,https://c1.scryfall.com/file/scryfall-cards/normal/front/2/4/2404a028-05f5-469b-80e0-e820721ff266.jpg?1627701668,{1}{W},2.0,Creature — Dwarf Warrior,['W'],['W'],True,Adventures in the Forgotten Realms,common,Miguel Mercado,"{'usd': '0.01', 'usd_foil': '0.04'}"
Flumph,https://api.scryfall.com/cards/cdc86e78-8911-4a0d-ba3a-7802f8d991ef,https://c1.scryfall.com/file/scryfall-cards/normal/front/c/d/cdc86e78-8911-4a0d-ba3a-7802f8d991ef.jpg?1627701697,{1}{W},2.0,Creature — Jellyfish,['W'],['W'],True,Adventures in the Forgotten Realms,rare,Brian Valeza,"{'usd': '0.32', 'usd_foil': '0.34'}"
Gloom Stalker,https://api.scryfall.com/cards/388722ad-dcc6-41b9-afd8-a93be91b30e0,https://c1.scryfall.com/file/scryfall-cards/normal/front/3/8/388722ad-dcc6-41b9-afd8-a93be91b30e0.jpg?1627701726,{2}{W},3.0,Creature — Dwarf Ranger,['W'],['W'],True,Adventures in the Forgotten Realms,common,Tomas Duchek,"{'usd': '0.01', 'usd_foil': '0.03'}"
Grand Master of Flowers,https://api.scryfall.com/cards/8ca4ffff-404e-4e8e-8fd6-4e64d4828fc7,https://c1.scryfall.com/file/scryfall-cards/normal/front/8/c/8ca4ffff-404e-4e8e-8fd6-4e64d4828fc7.jpg?1627701766,{2}{W}{W},4.0,Legendary Planeswalker — Bahamut,['W'],['W'],True,Adventures in the Forgotten Realms,mythic,Ekaterina Burmak,"{'usd': '1.55', 'usd_foil': '1.59'}"
Guardian of Faith,https://api.scryfall.com/cards/08e3dda1-a1d3-48c9-8c81-da7eae20ac8a,https://c1.scryfall.com/file/scryfall-cards/normal/front/0/8/08e3dda1-a1d3-48c9-8c81-da7eae20ac8a.jpg?1627701793,{1}{W}{W},3.0,Creature — Spirit Knight,['W'],['W'],True,Adventures in the Forgotten Realms,rare,Brian Valeza,"{'usd': '2.15', 'usd_foil': '3.43'}"
Half-Elf Monk,https://api.scryfall.com/cards/f10f1687-fb20-4ad2-bad7-52e4470b35e4,https://c1.scryfall.com/file/scryfall-cards/normal/front/f/1/f10f1687-fb20-4ad2-bad7-52e4470b35e4.jpg?1627701847,{3}{W},4.0,Creature — Human Elf Monk,['W'],['W'],True,Adventures in the Forgotten Realms,common,Zoltan Boros,"{'usd': '0.01', 'usd_foil': '0.03'}"
"Icingdeath, Frost Tyrant",https://api.scryfall.com/cards/26b0e68a-9d4e-42ea-8dac-c47cbed0c6ad,https://c1.scryfall.com/file/scryfall-cards/normal/front/2/6/26b0e68a-9d4e-42ea-8dac-c47cbed0c6ad.jpg?1630107263,{2}{W}{W},4.0,Legendary Creature — Dragon,['W'],['W'],True,Adventures in the Forgotten Realms,mythic,Matt Stewart,"{'usd': '2.64', 'usd_foil': '3.16'}"
Ingenious Smith,https://api.scryfall.com/cards/2ad29773-7c1b-410d-9f69-7aa751f6ebca,https://c1.scryfall.com/file/scryfall-cards/normal/front/2/a/2ad29773-7c1b-410d-9f69-7aa751f6ebca.jpg?1627701918,{1}{W},2.0,Creature — Human Artificer,['W'],['W'],True,Adventures in the Forgotten Realms,uncommon,Nicholas Elias,"{'usd': '1.05', 'usd_foil': '3.44'}"
Keen-Eared Sentry,https://api.scryfall.com/cards/de169d64-8242-4f57-980e-47f901fd57ab,https://c1.scryfall.com/file/scryfall-cards/normal/front/d/e/de169d64-8242-4f57-980e-47f901fd57ab.jpg?1627701963,{1}{W},2.0,Creature — Human Soldier,['W'],['W'],True,Adventures in the Forgotten Realms,uncommon,Viko Menezes,"{'usd': '0.01', 'usd_foil': '0.07'}"
Loyal Warhound,https://api.scryfall.com/cards/f408c5e4-e18d-4e4d-959a-f41df4c3019c,https://c1.scryfall.com/file/scryfall-cards/normal/front/f/4/f408c5e4-e18d-4e4d-959a-f41df4c3019c.jpg?1627701994,{1}{W},2.0,Creature — Dog,['W'],['W'],True,Adventures in the Forgotten Realms,rare,Dmitry Burmak,"{'usd': '1.15', 'usd_foil': '1.13'}"
Minimus Containment,https://api.scryfall.com/cards/0556f0d9-50d2-4c67-8522-de366d96500a,https://c1.scryfall.com/file/scryfall-cards/normal/front/0/5/0556f0d9-50d2-4c67-8522-de366d96500a.jpg?1627702048,{2}{W},3.0,Enchantment — Aura,['W'],['W'],True,Adventures in the Forgotten Realms,common,Steve Prescott,"{'usd': '0.10', 'usd_foil': '0.10'}"
Monk of the Open Hand,https://api.scryfall.com/cards/d934765f-f490-4e8d-843d-b2b559ee0418,https://c1.scryfall.com/file/scryfall-cards/normal/front/d/9/d934765f-f490-4e8d-843d-b2b559ee0418.jpg?1627702083,{W},1.0,Creature — Elf Monk,['W'],['W'],True,Adventures in the Forgotten Realms,uncommon,Bryan Sola,"{'usd': '0.21', 'usd_foil': '0.22'}"
Moon-Blessed Cleric,https://api.scryfall.com/cards/2b7fea79-9600-41d2-84d2-34a61a08a0d4,https://c1.scryfall.com/file/scryfall-cards/normal/front/2/b/2b7fea79-9600-41d2-84d2-34a61a08a0d4.jpg?1627702112,{2}{W},3.0,Creature — Human Elf Cleric,['W'],['W'],True,Adventures in the Forgotten Realms,uncommon,Marta Nael,"{'usd': '0.71', 'usd_foil': '2.04'}"
"Nadaar, Selfless Paladin",https://api.scryfall.com/cards/878a0d8c-11c1-4c65-9051-78e036ac496f,https://c1.scryfall.com/file/scryfall-cards/normal/front/8/7/878a0d8c-11c1-4c65-9051-78e036ac496f.jpg?1627702135,{2}{W},3.0,Legendary Creature — Dragon Knight,['W'],['W'],True,Adventures in the Forgotten Realms,rare,Aaron Miller,"{'usd': '0.78', 'usd_foil': '0.92'}"
Oswald Fiddlebender,https://api.scryfall.com/cards/bba1650f-eddf-49a9-820e-489cb8d5b6fa,https://c1.scryfall.com/file/scryfall-cards/normal/front/b/b/bba1650f-eddf-49a9-820e-489cb8d5b6fa.jpg?1627702172,{1}{W},2.0,Legendary Creature — Gnome Artificer,['W'],['W'],True,Adventures in the Forgotten Realms,rare,Steven Belledin,"{'usd': '2.47', 'usd_foil': '4.17'}"
Paladin Class,https://api.scryfall.com/cards/5bf81fb1-7992-4ae9-b1a8-80c31579a2bf,https://c1.scryfall.com/file/scryfall-cards/normal/front/5/b/5bf81fb1-7992-4ae9-b1a8-80c31579a2bf.jpg?1627702202,{W},1.0,Enchantment — Class,['W'],['W'],True,Adventures in the Forgotten Realms,rare,Campbell White,"{'usd': '3.01', 'usd_foil': '4.44'}"
Paladin's Shield,https://api.scryfall.com/cards/2e13b103-202f-41d7-a855-a6807e5fb4b7,https://c1.scryfall.com/file/scryfall-cards/normal/front/2/e/2e13b103-202f-41d7-a855-a6807e5fb4b7.jpg?1627702246,{1}{W},2.0,Artifact — Equipment,['W'],['W'],True,Adventures in the Forgotten Realms,common,Alayna Danner,"{'usd': '0.01', 'usd_foil': '0.04'}"
Planar Ally,https://api.scryfall.com/cards/a9e7457a-8ab4-4f3c-a2d8-2da4d81b7470,https://c1.scryfall.com/file/scryfall-cards/normal/front/a/9/a9e7457a-8ab4-4f3c-a2d8-2da4d81b7470.jpg?1627702279,{3}{W}{W},5.0,Creature — Angel,['W'],['W'],True,Adventures in the Forgotten Realms,common,Marta Nael,"{'usd': '0.01', 'usd_foil': '0.08'}"
Plate Armor,https://api.scryfall.com/cards/ad447e50-cfb1-40df-ae01-a65c46f2f572,https://c1.scryfall.com/file/scryfall-cards/normal/front/a/d/ad447e50-cfb1-40df-ae01-a65c46f2f572.jpg?1627702329,{2}{W},3.0,Artifact — Equipment,['W'],['W'],True,Adventures in the Forgotten Realms,uncommon,Martina Pilcerova,"{'usd': '0.16', 'usd_foil': '0.17'}"
Portable Hole,https://api.scryfall.com/cards/80fca8c0-ae3e-439e-b202-228b9f360e9a,https://c1.scryfall.com/file/scryfall-cards/normal/front/8/0/80fca8c0-ae3e-439e-b202-228b9f360e9a.jpg?1627702369,{W},1.0,Artifact,['W'],['W'],True,Adventures in the Forgotten Realms,uncommon,John Stanko,"{'usd': '3.28', 'usd_foil': '3.82'}"
Potion of Healing,https://api.scryfall.com/cards/d5edb608-c7d7-4fa9-b969-262c9789fc17,https://c1.scryfall.com/file/scryfall-cards/normal/front/d/5/d5edb608-c7d7-4fa9-b969-262c9789fc17.jpg?1627702404,{1}{W},2.0,Artifact,['W'],['W'],True,Adventures in the Forgotten Realms,common,Pauline Voss,"{'usd': '0.02', 'usd_foil': '0.07'}"
Priest of Ancient Lore,https://api.scryfall.com/cards/b10caff0-701a-48d8-a943-f947482e795a,https://c1.scryfall.com/file/scryfall-cards/normal/front/b/1/b10caff0-701a-48d8-a943-f947482e795a.jpg?1627702440,{2}{W},3.0,Creature — Dwarf Cleric,['W'],['W'],True,Adventures in the Forgotten Realms,common,Jarel Threat,"{'usd': '0.14', 'usd_foil': '0.18'}"
Rally Maneuver,https://api.scryfall.com/cards/926ce53e-8e30-4018-a9e7-7266791b5d27,https://c1.scryfall.com/file/scryfall-cards/normal/front/9/2/926ce53e-8e30-4018-a9e7-7266791b5d27.jpg?1627702486,{2}{W},3.0,Instant,['W'],['W'],True,Adventures in the Forgotten Realms,uncommon,Vincent Proce,"{'usd': '0.01', 'usd_foil': '0.03'}"
Ranger's Hawk,https://api.scryfall.com/cards/9d7a7744-e49d-4b4e-b6ae-7fc6d2892cef,https://c1.scryfall.com/file/scryfall-cards/normal/front/9/d/9d7a7744-e49d-4b4e-b6ae-7fc6d2892cef.jpg?1627702523,{W},1.0,Creature — Bird,['W'],['W'],True,Adventures in the Forgotten Realms,common,Robin Olausson,"{'usd': '0.01', 'usd_foil': '0.03'}"
Steadfast Paladin,https://api.scryfall.com/cards/a2c06b6e-faf5-467d-bfe1-9ff00be9e2f5,https://c1.scryfall.com/file/scryfall-cards/normal/front/a/2/a2c06b6e-faf5-467d-bfe1-9ff00be9e2f5.jpg?1627702555,{1}{W},2.0,Creature — Dwarf Knight,['W'],['W'],True,Adventures in the Forgotten Realms,common,Chris Rallis,"{'usd': '0.01', 'usd_foil': '0.03'}"
Teleportation Circle,https://api.scryfall.com/cards/90140bc0-4a9c-4422-b07c-3400c7ccde56,https://c1.scryfall.com/file/scryfall-cards/normal/front/9/0/90140bc0-4a9c-4422-b07c-3400c7ccde56.jpg?1627702592,{3}{W},4.0,Enchantment,['W'],['W'],True,Adventures in the Forgotten Realms,rare,Chris Cold,"{'usd': '2.36', 'usd_foil': '3.12'}"
Veteran Dungeoneer,https://api.scryfall.com/cards/d8fe33b3-afaf-4a98-ae64-7d7e0eabe993,https://c1.scryfall.com/file/scryfall-cards/normal/front/d/8/d8fe33b3-afaf-4a98-ae64-7d7e0eabe993.jpg?1627702622,{3}{W},4.0,Creature — Human Warrior,['W'],['W'],True,Adventures in the Forgotten Realms,common,Sebastian Giacobino,"{'usd': '0.01', 'usd_foil': '0.03'}"
White Dragon,https://api.scryfall.com/cards/21e290c4-6c94-472a-9dec-6994aade29c2,https://c1.scryfall.com/file/scryfall-cards/normal/front/2/1/21e290c4-6c94-472a-9dec-6994aade29c2.jpg?1627702647,{4}{W}{W},6.0,Creature — Dragon,['W'],['W'],True,Adventures in the Forgotten Realms,uncommon,Billy Christian,"{'usd': '0.09', 'usd_foil': '0.16'}"
You Hear Something on Watch,https://api.scryfall.com/cards/76e939ab-9d0c-4685-805c-c8bc4e6af163,https://c1.scryfall.com/file/scryfall-cards/normal/front/7/6/76e939ab-9d0c-4685-805c-c8bc4e6af163.jpg?1627702676,{1}{W},2.0,Instant,['W'],['W'],True,Adventures in the Forgotten Realms,common,Zezhou Chen,"{'usd': '0.01', 'usd_foil': '0.03'}"
You're Ambushed on the Road,https://api.scryfall.com/cards/726da84a-fdd4-46df-8ba4-f94d582bcce4,https://c1.scryfall.com/file/scryfall-cards/normal/front/7/2/726da84a-fdd4-46df-8ba4-f94d582bcce4.jpg?1627702725,{W},1.0,Instant,['W'],['W'],True,Adventures in the Forgotten Realms,common,Eric Deschamps,"{'usd': '0.01', 'usd_foil': '0.06'}"
Aberrant Mind Sorcerer,https://api.scryfall.com/cards/d9c6401a-e152-4acf-a2ca-75c484f296d5,https://c1.scryfall.com/file/scryfall-cards/normal/front/d/9/d9c6401a-e152-4acf-a2ca-75c484f296d5.jpg?1627702765,{4}{U},5.0,Creature — Human Elf Shaman,['U'],['U'],True,Adventures in the Forgotten Realms,uncommon,Lius Lasahido,"{'usd': '0.01', 'usd_foil': '0.06'}"
Air-Cult Elemental,https://api.scryfall.com/cards/fba82564-a9a9-4ded-a5fa-0e5fab2a3faa,https://c1.scryfall.com/file/scryfall-cards/normal/front/f/b/fba82564-a9a9-4ded-a5fa-0e5fab2a3faa.jpg?1627702795,{4}{U}{U},6.0,Creature — Elemental,['U'],['U'],True,Adventures in the Forgotten Realms,common,Kari Christensen,"{'usd': '0.01', 'usd_foil': '0.04'}"
Arcane Investigator,https://api.scryfall.com/cards/dc457520-9947-4f65-bbe7-9b95bd2c23af,https://c1.scryfall.com/file/scryfall-cards/normal/front/d/c/dc457520-9947-4f65-bbe7-9b95bd2c23af.jpg?1627702826,{1}{U},2.0,Creature — Elf Wizard,['U'],['U'],True,Adventures in the Forgotten Realms,common,Bram Sels,"{'usd': '0.01', 'usd_foil': '0.02'}"
Bar the Gate,https://api.scryfall.com/cards/b9b1e53f-1384-4860-9944-e68922afc65c,https://c1.scryfall.com/file/scryfall-cards/normal/front/b/9/b9b1e53f-1384-4860-9944-e68922afc65c.jpg?1627702860,{2}{U},3.0,Instant,['U'],['U'],True,Adventures in the Forgotten Realms,common,Johannes Voss,"{'usd': '0.04', 'usd_foil': '0.05'}"
The Blackstaff of Waterdeep,https://api.scryfall.com/cards/3317cbf3-13a1-4471-a23c-de429941e8a4,https://c1.scryfall.com/file/scryfall-cards/normal/front/3/3/3317cbf3-13a1-4471-a23c-de429941e8a4.jpg?1627702938,{U},1.0,Legendary Artifact,['U'],['U'],True,Adventures in the Forgotten Realms,rare,Anna Steinbauer,"{'usd': '0.24', 'usd_foil': '0.34'}"
Blue Dragon,https://api.scryfall.com/cards/98dea71b-2778-4374-8ea2-7fa82f0f6110,https://c1.scryfall.com/file/scryfall-cards/normal/front/9/8/98dea71b-2778-4374-8ea2-7fa82f0f6110.jpg?1627702968,{5}{U}{U},7.0,Creature — Dragon,['U'],['U'],True,Adventures in the Forgotten Realms,uncommon,Svetlin Velinov,"{'usd': '0.04', 'usd_foil': '0.14'}"
Charmed Sleep,https://api.scryfall.com/cards/4238ad00-af9c-4535-a589-c5afb0d2ec57,https://c1.scryfall.com/file/scryfall-cards/normal/front/4/2/4238ad00-af9c-4535-a589-c5afb0d2ec57.jpg?1627756253,{1}{U}{U},3.0,Enchantment — Aura,['U'],['U'],True,Adventures in the Forgotten Realms,common,Zoltan Boros,"{'usd': '0.01', 'usd_foil': '0.04'}"
Clever Conjurer,https://api.scryfall.com/cards/b9784c97-3839-4a4b-ae8a-965844dbeb70,https://c1.scryfall.com/file/scryfall-cards/normal/front/b/9/b9784c97-3839-4a4b-ae8a-965844dbeb70.jpg?1627769099,{2}{U},3.0,Creature — Gnome Wizard,['U'],['U'],True,Adventures in the Forgotten Realms,common,Zoltan Boros,"{'usd': '0.01', 'usd_foil': '0.04'}"
Contact Other Plane,https://api.scryfall.com/cards/a6fefb38-c6f2-43c4-a6b9-ac82f8827bc2,https://c1.scryfall.com/file/scryfall-cards/normal/front/a/6/a6fefb38-c6f2-43c4-a6b9-ac82f8827bc2.jpg?1627703039,{3}{U},4.0,Instant,['U'],['U'],True,Adventures in the Forgotten Realms,common,Alix Branwyn,"{'usd': '0.03', 'usd_foil': '0.05'}"
Demilich,https://api.scryfall.com/cards/0a1351ed-b9df-4a6d-aaa1-ec6db673d265,https://c1.scryfall.com/file/scryfall-cards/normal/front/0/a/0a1351ed-b9df-4a6d-aaa1-ec6db673d265.jpg?1639436596,{U}{U}{U}{U},4.0,Creature — Skeleton Wizard,['U'],['U'],True,Adventures in the Forgotten Realms,mythic,Daniel Zrom,"{'usd': '3.46', 'usd_foil': '4.65'}"
Displacer Beast,https://api.scryfall.com/cards/95d5c36c-bcc8-459c-9f4b-b265ccdb1f06,https://c1.scryfall.com/file/scryfall-cards/normal/front/9/5/95d5c36c-bcc8-459c-9f4b-b265ccdb1f06.jpg?1627703119,{2}{U},3.0,Creature — Cat Beast,['U'],['U'],True,Adventures in the Forgotten Realms,uncommon,Bryan Sola,"{'usd': '0.02', 'usd_foil': '0.09'}"
Djinni Windseer,https://api.scryfall.com/cards/67a42698-bf3b-4352-8178-9c98abfc5b09,https://c1.scryfall.com/file/scryfall-cards/normal/front/6/7/67a42698-bf3b-4352-8178-9c98abfc5b09.jpg?1627703150,{3}{U},4.0,Creature — Djinn,['U'],['U'],True,Adventures in the Forgotten Realms,common,Livia Prima,"{'usd': '0.01', 'usd_foil': '0.03'}"
Dragon Turtle,https://api.scryfall.com/cards/d436ba80-386f-40ad-b0ca-a98cc50de964,https://c1.scryfall.com/file/scryfall-cards/normal/front/d/4/d436ba80-386f-40ad-b0ca-a98cc50de964.jpg?1627703189,{1}{U}{U},3.0,Creature — Dragon Turtle,['U'],['U'],True,Adventures in the Forgotten Realms,rare,Dan Scott,"{'usd': '0.17', 'usd_foil': '0.22'}"
Eccentric Apprentice,https://api.scryfall.com/cards/3baa08ac-9a94-4e22-91bb-c6966cd0a0de,https://c1.scryfall.com/file/scryfall-cards/normal/front/3/b/3baa08ac-9a94-4e22-91bb-c6966cd0a0de.jpg?1627703226,{2}{U},3.0,Creature — Tiefling Wizard,['U'],['U'],True,Adventures in the Forgotten Realms,uncommon,Campbell White,"{'usd': '0.03', 'usd_foil': '0.10'}"
Feywild Trickster,https://api.scryfall.com/cards/c93e0296-69e0-45e0-a1c2-0214a53c52d0,https://c1.scryfall.com/file/scryfall-cards/normal/front/c/9/c93e0296-69e0-45e0-a1c2-0214a53c52d0.jpg?1627703260,{2}{U},3.0,Creature — Gnome Warlock,['U'],['U'],True,Adventures in the Forgotten Realms,uncommon,Iris Compiet,"{'usd': '0.04', 'usd_foil': '0.04'}"
Fly,https://api.scryfall.com/cards/f1a91cc6-67e1-4f1b-86e2-eb388a75d6ad,https://c1.scryfall.com/file/scryfall-cards/normal/front/f/1/f1a91cc6-67e1-4f1b-86e2-eb388a75d6ad.jpg?1627703302,{U},1.0,Enchantment — Aura,['U'],['U'],True,Adventures in the Forgotten Realms,uncommon,Lie Setiawan,"{'usd': '0.05', 'usd_foil': '0.06'}"
"Grazilaxx, Illithid Scholar",https://api.scryfall.com/cards/98cca453-4611-4f3d-85d8-d74d260c7598,https://c1.scryfall.com/file/scryfall-cards/normal/front/9/8/98cca453-4611-4f3d-85d8-d74d260c7598.jpg?1627703337,{1}{U}{U},3.0,Legendary Creature — Horror,['U'],['U'],True,Adventures in the Forgotten Realms,rare,Alexander Mokhov,"{'usd': '2.56', 'usd_foil': '4.56'}"
Guild Thief,https://api.scryfall.com/cards/fd4348ec-fdb1-4c3b-bec5-42513c6c0662,https://c1.scryfall.com/file/scryfall-cards/normal/front/f/d/fd4348ec-fdb1-4c3b-bec5-42513c6c0662.jpg?1627703368,{1}{U},2.0,Creature — Orc Rogue,['U'],['U'],True,Adventures in the Forgotten Realms,uncommon,Mike Jordana,"{'usd': '0.02', 'usd_foil': '0.03'}"
"Iymrith, Desert Doom",https://api.scryfall.com/cards/c3e6025d-d273-4ae4-9929-5e588612f1b3,https://c1.scryfall.com/file/scryfall-cards/normal/front/c/3/c3e6025d-d273-4ae4-9929-5e588612f1b3.jpg?1627703415,{3}{U}{U},5.0,Legendary Creature — Dragon,['U'],['U'],True,Adventures in the Forgotten Realms,mythic,Wisnu Tan,"{'usd': '2.70', 'usd_foil': '5.01'}"
Mind Flayer,https://api.scryfall.com/cards/c29ac797-a186-4224-94e1-9bb9dca4b029,https://c1.scryfall.com/file/scryfall-cards/normal/front/c/2/c29ac797-a186-4224-94e1-9bb9dca4b029.jpg?1627703456,{3}{U}{U},5.0,Creature — Horror,['U'],['U'],True,Adventures in the Forgotten Realms,rare,Daarken,"{'usd': '0.62', 'usd_foil': '0.71'}"
Mordenkainen,https://api.scryfall.com/cards/2fa5e4c7-12fa-4ec4-bd4b-752e367306c7,https://c1.scryfall.com/file/scryfall-cards/normal/front/2/f/2fa5e4c7-12fa-4ec4-bd4b-752e367306c7.jpg?1627703483,{4}{U}{U},6.0,Legendary Planeswalker — Mordenkainen,['U'],['U'],True,Adventures in the Forgotten Realms,mythic,Ryan Pancoast,"{'usd': '2.16', 'usd_foil': '2.87'}"
Mordenkainen's Polymorph,https://api.scryfall.com/cards/b6551442-d74c-4f16-a9de-0cfdc88208a5,https://c1.scryfall.com/file/scryfall-cards/normal/front/b/6/b6551442-d74c-4f16-a9de-0cfdc88208a5.jpg?1627703511,{1}{U},2.0,Instant,['U'],['U'],True,Adventures in the Forgotten Realms,common,Oriana Menendez,"{'usd': '0.01', 'usd_foil': '0.05'}"
Pixie Guide,https://api.scryfall.com/cards/c65631b9-ca62-4851-9eca-9c760fb1a177,https://c1.scryfall.com/file/scryfall-cards/normal/front/c/6/c65631b9-ca62-4851-9eca-9c760fb1a177.jpg?1627756212,{1}{U},2.0,Creature — Faerie,['U'],['U'],True,Adventures in the Forgotten Realms,common,Fariba Khamseh,"{'usd': '0.01', 'usd_foil': '0.03'}"
Power of Persuasion,https://api.scryfall.com/cards/8d84cb72-d0a0-4af0-aded-47e5fb7addef,https://c1.scryfall.com/file/scryfall-cards/normal/front/8/d/8d84cb72-d0a0-4af0-aded-47e5fb7addef.jpg?1627703547,{2}{U},3.0,Sorcery,['U'],['U'],True,Adventures in the Forgotten Realms,uncommon,Brian Valeza,"{'usd': '0.01', 'usd_foil': '0.02'}"
Ray of Frost,https://api.scryfall.com/cards/7edd5058-a964-4288-937b-84df6e9ba7c4,https://c1.scryfall.com/file/scryfall-cards/normal/front/7/e/7edd5058-a964-4288-937b-84df6e9ba7c4.jpg?1627703580,{1}{U},2.0,Enchantment — Aura,['U'],['U'],True,Adventures in the Forgotten Realms,uncommon,Kim Sokol,"{'usd': '0.01', 'usd_foil': '0.09'}"
Rimeshield Frost Giant,https://api.scryfall.com/cards/767b499e-3bdb-4809-b430-6e965bd100d4,https://c1.scryfall.com/file/scryfall-cards/normal/front/7/6/767b499e-3bdb-4809-b430-6e965bd100d4.jpg?1627703606,{3}{U}{U},5.0,Creature — Giant Warrior,['U'],['U'],True,Adventures in the Forgotten Realms,common,Matt Stewart,"{'usd': '0.02', 'usd_foil': '0.03'}"
Scion of Stygia,https://api.scryfall.com/cards/8f0abdb4-4898-4818-b7e2-24a90f15e49d,https://c1.scryfall.com/file/scryfall-cards/normal/front/8/f/8f0abdb4-4898-4818-b7e2-24a90f15e49d.jpg?1627703631,{2}{U},3.0,Creature — Tiefling Shaman,['U'],['U'],True,Adventures in the Forgotten Realms,common,Cristi Balanescu,"{'usd': '0.02', 'usd_foil': '0.05'}"
Secret Door,https://api.scryfall.com/cards/3191e400-aa4e-4955-aca0-ecbe63ea240f,https://c1.scryfall.com/file/scryfall-cards/normal/front/3/1/3191e400-aa4e-4955-aca0-ecbe63ea240f.jpg?1627703662,{U},1.0,Artifact Creature — Wall,['U'],['U'],True,Adventures in the Forgotten Realms,common,Francisco Miyara,"{'usd': '0.03', 'usd_foil': '0.07'}"
Shocking Grasp,https://api.scryfall.com/cards/ab95fe13-c09b-4eed-aeae-fb1c5b6eb476,https://c1.scryfall.com/file/scryfall-cards/normal/front/a/b/ab95fe13-c09b-4eed-aeae-fb1c5b6eb476.jpg?1627703711,{1}{U},2.0,Instant,['U'],['U'],True,Adventures in the Forgotten Realms,common,Jason Felix,"{'usd': '0.01', 'usd_foil': '0.03'}"
Shortcut Seeker,https://api.scryfall.com/cards/122d2635-c4f4-44cd-8f82-37e3016e421e,https://c1.scryfall.com/file/scryfall-cards/normal/front/1/2/122d2635-c4f4-44cd-8f82-37e3016e421e.jpg?1627703755,{3}{U},4.0,Creature — Human Rogue,['U'],['U'],True,Adventures in the Forgotten Realms,common,Artur Treffner,"{'usd': '0.01', 'usd_foil': '0.03'}"
Silver Raven,https://api.scryfall.com/cards/a671ec19-32f4-4fde-8ee0-1224471e79db,https://c1.scryfall.com/file/scryfall-cards/normal/front/a/6/a671ec19-32f4-4fde-8ee0-1224471e79db.jpg?1627703794,{U},1.0,Artifact Creature — Bird,['U'],['U'],True,Adventures in the Forgotten Realms,common,Joe Slucher,"{'usd': '0.10', 'usd_foil': '0.10'}"
Soulknife Spy,https://api.scryfall.com/cards/045c7c23-d418-42f0-b497-50c39e5321ad,https://c1.scryfall.com/file/scryfall-cards/normal/front/0/4/045c7c23-d418-42f0-b497-50c39e5321ad.jpg?1627703835,{2}{U},3.0,Creature — Elf Rogue,['U'],['U'],True,Adventures in the Forgotten Realms,common,Miguel Mercado,"{'usd': '0.01', 'usd_foil': '0.03'}"
Split the Party,https://api.scryfall.com/cards/743a0a96-f90a-4852-9a92-848795518e0a,https://c1.scryfall.com/file/scryfall-cards/normal/front/7/4/743a0a96-f90a-4852-9a92-848795518e0a.jpg?1627703863,{3}{U}{U},5.0,Sorcery,['U'],['U'],True,Adventures in the Forgotten Realms,uncommon,Zoltan Boros,"{'usd': '0.01', 'usd_foil': '0.07'}"
Sudden Insight,https://api.scryfall.com/cards/06ec3c87-d5aa-4f8a-a9bf-ef4e38e21ad1,https://c1.scryfall.com/file/scryfall-cards/normal/front/0/6/06ec3c87-d5aa-4f8a-a9bf-ef4e38e21ad1.jpg?1627703891,{4}{U}{U},6.0,Instant,['U'],['U'],True,Adventures in the Forgotten Realms,uncommon,Dan Scott,"{'usd': '0.01', 'usd_foil': '0.06'}"
Tasha's Hideous Laughter,https://api.scryfall.com/cards/c4932113-904f-427a-9566-509cc008f3ef,https://c1.scryfall.com/file/scryfall-cards/normal/front/c/4/c4932113-904f-427a-9566-509cc008f3ef.jpg?1627703920,{1}{U}{U},3.0,Sorcery,['U'],['U'],True,Adventures in the Forgotten Realms,rare,Ilse Gort,"{'usd': '3.56', 'usd_foil': '4.26'}"
Trickster's Talisman,https://api.scryfall.com/cards/33cb9973-c9ce-48f1-9972-651092624751,https://c1.scryfall.com/file/scryfall-cards/normal/front/3/3/33cb9973-c9ce-48f1-9972-651092624751.jpg?1627703946,{U},1.0,Artifact — Equipment,['U'],['U'],True,Adventures in the Forgotten Realms,uncommon,Sam White,"{'usd': '0.05', 'usd_foil': '0.07'}"
True Polymorph,https://api.scryfall.com/cards/04a1f384-9266-425c-b739-09d74871fc7b,https://c1.scryfall.com/file/scryfall-cards/normal/front/0/4/04a1f384-9266-425c-b739-09d74871fc7b.jpg?1627703986,{4}{U}{U},6.0,Instant,['U'],['U'],True,Adventures in the Forgotten Realms,rare,Steve Prescott,"{'usd': '0.12', 'usd_foil': '0.20'}"
Wizard Class,https://api.scryfall.com/cards/d1f629fb-b097-4240-8560-ef47f5678f48,https://c1.scryfall.com/file/scryfall-cards/normal/front/d/1/d1f629fb-b097-4240-8560-ef47f5678f48.jpg?1639436605,{U},1.0,Enchantment — Class,['U'],['U'],True,Adventures in the Forgotten Realms,uncommon,Marta Nael,"{'usd': '1.01', 'usd_foil': '1.89'}"
Wizard's Spellbook,https://api.scryfall.com/cards/b6ed0a4c-0234-4341-8dcb-5eea6a9632e7,https://c1.scryfall.com/file/scryfall-cards/normal/front/b/6/b6ed0a4c-0234-4341-8dcb-5eea6a9632e7.jpg?1627704085,{5}{U}{U},7.0,Artifact,['U'],['U'],True,Adventures in the Forgotten Realms,rare,Iris Compiet,"{'usd': '0.20', 'usd_foil': '0.21'}"
You Come to a River,https://api.scryfall.com/cards/ebf9bab7-98a0-4394-90c0-e7c52e14eb37,https://c1.scryfall.com/file/scryfall-cards/normal/front/e/b/ebf9bab7-98a0-4394-90c0-e7c52e14eb37.jpg?1627704121,{1}{U},2.0,Instant,['U'],['U'],True,Adventures in the Forgotten Realms,common,Viko Menezes,"{'usd': '0.05', 'usd_foil': '0.09'}"
You Find the Villains' Lair,https://api.scryfall.com/cards/c6704458-6e9e-4795-a56d-25b68fbf9672,https://c1.scryfall.com/file/scryfall-cards/normal/front/c/6/c6704458-6e9e-4795-a56d-25b68fbf9672.jpg?1627704159,{1}{U}{U},3.0,Instant,['U'],['U'],True,Adventures in the Forgotten Realms,common,Gabor Szikszai,"{'usd': '0.16', 'usd_foil': '0.19'}"
You See a Guard Approach,https://api.scryfall.com/cards/30c5fd8e-753a-45e1-bcdd-fb6e072ffbb0,https://c1.scryfall.com/file/scryfall-cards/normal/front/3/0/30c5fd8e-753a-45e1-bcdd-fb6e072ffbb0.jpg?1627704199,{U},1.0,Instant,['U'],['U'],True,Adventures in the Forgotten Realms,common,Mila Pesic,"{'usd': '0.05', 'usd_foil': '0.12'}"
Yuan-Ti Malison,https://api.scryfall.com/cards/0f51afd9-7093-4aa3-ad5b-7383684d6285,https://c1.scryfall.com/file/scryfall-cards/normal/front/0/f/0f51afd9-7093-4aa3-ad5b-7383684d6285.jpg?1627704255,{1}{U},2.0,Creature — Snake Rogue,['U'],['U'],True,Adventures in the Forgotten Realms,rare,Oriana Menendez,"{'usd': '0.25', 'usd_foil': '0.29'}"
Acererak the Archlich,https://api.scryfall.com/cards/dd52d0bd-3abd-401c-9f56-ee911613da3b,https://c1.scryfall.com/file/scryfall-cards/normal/front/d/d/dd52d0bd-3abd-401c-9f56-ee911613da3b.jpg?1627704283,{2}{B},3.0,Legendary Creature — Zombie Wizard,['B'],['B'],True,Adventures in the Forgotten Realms,mythic,Andrey Kuzinskiy,"{'usd': '7.61', 'usd_foil': '8.97'}"
Asmodeus the Archfiend,https://api.scryfall.com/cards/a5e6b864-58e7-43b9-9d79-1d0361340960,https://c1.scryfall.com/file/scryfall-cards/normal/front/a/5/a5e6b864-58e7-43b9-9d79-1d0361340960.jpg?1627704325,{4}{B}{B},6.0,Legendary Creature — Devil God,['B'],['B'],True,Adventures in the Forgotten Realms,rare,Aleksi Briclot,"{'usd': '0.22', 'usd_foil': '0.33'}"
Baleful Beholder,https://api.scryfall.com/cards/e52d6ef6-d8a3-4288-8917-4c0a179ed4e0,https://c1.scryfall.com/file/scryfall-cards/normal/front/e/5/e52d6ef6-d8a3-4288-8917-4c0a179ed4e0.jpg?1627704364,{4}{B}{B},6.0,Creature — Beholder,['B'],['B'],True,Adventures in the Forgotten Realms,common,Lars Grant-West,"{'usd': '0.01', 'usd_foil': '0.05'}"
Black Dragon,https://api.scryfall.com/cards/aaca283a-39f1-4ae7-98fb-7821a927ef86,https://c1.scryfall.com/file/scryfall-cards/normal/front/a/a/aaca283a-39f1-4ae7-98fb-7821a927ef86.jpg?1627704399,{5}{B}{B},7.0,Creature — Dragon,['B'],['B'],True,Adventures in the Forgotten Realms,uncommon,Mark Zug,"{'usd': '0.06', 'usd_foil': '0.15'}"
The Book of Vile Darkness,https://api.scryfall.com/cards/05dcff61-8c48-401f-a31f-5fc53a298356,https://c1.scryfall.com/file/scryfall-cards/normal/front/0/5/05dcff61-8c48-401f-a31f-5fc53a298356.jpg?1627704426,{B}{B}{B},3.0,Legendary Artifact,['B'],['B'],True,Adventures in the Forgotten Realms,mythic,Daniel Ljunggren,"{'usd': '0.95', 'usd_foil': '1.31'}"
Check for Traps,https://api.scryfall.com/cards/6f58ea8a-30ac-45b0-a701-8b8d8262cfcf,https://c1.scryfall.com/file/scryfall-cards/normal/front/6/f/6f58ea8a-30ac-45b0-a701-8b8d8262cfcf.jpg?1627704461,{1}{B},2.0,Sorcery,['B'],['B'],True,Adventures in the Forgotten Realms,uncommon,Zoltan Boros,"{'usd': '0.07', 'usd_foil': '0.11'}"
Clattering Skeletons,https://api.scryfall.com/cards/09ac0b2b-d4d3-4977-b241-7788239362de,https://c1.scryfall.com/file/scryfall-cards/normal/front/0/9/09ac0b2b-d4d3-4977-b241-7788239362de.jpg?1627704485,{3}{B},4.0,Creature — Skeleton,['B'],['B'],True,Adventures in the Forgotten Realms,common,Aleksi Briclot,"{'usd': '0.01', 'usd_foil': '0.02'}"
Deadly Dispute,https://api.scryfall.com/cards/7373fe95-ad1c-44b9-8c7f-464ce8cbffc6,https://c1.scryfall.com/file/scryfall-cards/normal/front/7/3/7373fe95-ad1c-44b9-8c7f-464ce8cbffc6.jpg?1627704524,{1}{B},2.0,Instant,['B'],['B'],True,Adventures in the Forgotten Realms,common,Irina Nordsol,"{'usd': '2.88', 'usd_foil': '3.82'}"
Death-Priest of Myrkul,https://api.scryfall.com/cards/126b2636-030a-4a0e-9307-54c3372afb52,https://c1.scryfall.com/file/scryfall-cards/normal/front/1/2/126b2636-030a-4a0e-9307-54c3372afb52.jpg?1627704557,{2}{B}{B},4.0,Creature — Tiefling Cleric,['B'],['B'],True,Adventures in the Forgotten Realms,uncommon,Lius Lasahido,"{'usd': '0.14', 'usd_foil': '0.17'}"
Demogorgon's Clutches,https://api.scryfall.com/cards/581e7ac6-65e5-4a16-ab0b-0988c3a3cfea,https://c1.scryfall.com/file/scryfall-cards/normal/front/5/8/581e7ac6-65e5-4a16-ab0b-0988c3a3cfea.jpg?1627704588,{2}{B},3.0,Sorcery,['B'],['B'],True,Adventures in the Forgotten Realms,uncommon,Alexander Mokhov,"{'usd': '0.08', 'usd_foil': '0.10'}"
Devour Intellect,https://api.scryfall.com/cards/13c34f2d-2eac-4241-8b23-9cab3268c254,https://c1.scryfall.com/file/scryfall-cards/normal/front/1/3/13c34f2d-2eac-4241-8b23-9cab3268c254.jpg?1627704636,{B},1.0,Sorcery,['B'],['B'],True,Adventures in the Forgotten Realms,common,Steven Russell Black,"{'usd': '0.01', 'usd_foil': '0.03'}"
Drider,https://api.scryfall.com/cards/bbc06a88-1eb6-4edb-8f03-d8274560cc41,https://c1.scryfall.com/file/scryfall-cards/normal/front/b/b/bbc06a88-1eb6-4edb-8f03-d8274560cc41.jpg?1627704668,{4}{B},5.0,Creature — Elf Spider,['B'],['B'],True,Adventures in the Forgotten Realms,uncommon,Jodie Muir,"{'usd': '0.03', 'usd_foil': '0.07'}"
Dungeon Crawler,https://api.scryfall.com/cards/4138b66d-cf18-42a5-8522-241bd3969624,https://c1.scryfall.com/file/scryfall-cards/normal/front/4/1/4138b66d-cf18-42a5-8522-241bd3969624.jpg?1627704694,{B},1.0,Creature — Zombie,['B'],['B'],True,Adventures in the Forgotten Realms,uncommon,Svetlin Velinov,"{'usd': '0.01', 'usd_foil': '0.07'}"
"Ebondeath, Dracolich",https://api.scryfall.com/cards/e6b3f460-92ba-4af0-aad9-cf86615d4177,https://c1.scryfall.com/file/scryfall-cards/normal/front/e/6/e6b3f460-92ba-4af0-aad9-cf86615d4177.jpg?1627704720,{2}{B}{B},4.0,Legendary Creature — Zombie Dragon,['B'],['B'],True,Adventures in the Forgotten Realms,mythic,Lars Grant-West,"{'usd': '5.75', 'usd_foil': '6.72'}"
Eyes of the Beholder,https://api.scryfall.com/cards/3f9e5402-690f-497d-ada3-aa41fa900fdd,https://c1.scryfall.com/file/scryfall-cards/normal/front/3/f/3f9e5402-690f-497d-ada3-aa41fa900fdd.jpg?1627704757,{4}{B}{B},6.0,Instant,['B'],['B'],True,Adventures in the Forgotten Realms,common,Kari Christensen,"{'usd': '0.01', 'usd_foil': '0.03'}"
Fates' Reversal,https://api.scryfall.com/cards/19ff3d76-e985-4d8d-837e-89360cc23824,https://c1.scryfall.com/file/scryfall-cards/normal/front/1/9/19ff3d76-e985-4d8d-837e-89360cc23824.jpg?1627704784,{1}{B},2.0,Sorcery,['B'],['B'],True,Adventures in the Forgotten Realms,common,Alix Branwyn,"{'usd': '0.04', 'usd_foil': '0.06'}"
Feign Death,https://api.scryfall.com/cards/32af7061-fca6-4a06-be3c-01881e6b96f7,https://c1.scryfall.com/file/scryfall-cards/normal/front/3/2/32af7061-fca6-4a06-be3c-01881e6b96f7.jpg?1627704817,{B},1.0,Instant,['B'],['B'],True,Adventures in the Forgotten Realms,common,Maria Zolotukhina,"{'usd': '0.26', 'usd_foil': '0.31'}"
Forsworn Paladin,https://api.scryfall.com/cards/4acaf396-f950-42da-85ab-149ffb31fee6,https://c1.scryfall.com/file/scryfall-cards/normal/front/4/a/4acaf396-f950-42da-85ab-149ffb31fee6.jpg?1627704845,{B},1.0,Creature — Human Knight,['B'],['B'],True,Adventures in the Forgotten Realms,rare,Lorenzo Mastroianni,"{'usd': '0.26', 'usd_foil': '0.31'}"
Gelatinous Cube,https://api.scryfall.com/cards/1c472e70-300c-4881-86e7-c5ca690ab9b6,https://c1.scryfall.com/file/scryfall-cards/normal/front/1/c/1c472e70-300c-4881-86e7-c5ca690ab9b6.jpg?1627704890,{2}{B}{B},4.0,Creature — Ooze,['B'],['B'],True,Adventures in the Forgotten Realms,rare,Olivier Bernard,"{'usd': '0.23', 'usd_foil': '0.26'}"
Grim Bounty,https://api.scryfall.com/cards/b98e0ab1-dea8-492b-a712-2057f2b1d020,https://c1.scryfall.com/file/scryfall-cards/normal/front/b/9/b98e0ab1-dea8-492b-a712-2057f2b1d020.jpg?1627704924,{2}{B}{B},4.0,Sorcery,['B'],['B'],True,Adventures in the Forgotten Realms,common,Justine Cruz,"{'usd': '0.02', 'usd_foil': '0.07'}"
Grim Wanderer,https://api.scryfall.com/cards/e339f0f7-a79d-4947-a9c4-b9a0949dd06a,https://c1.scryfall.com/file/scryfall-cards/normal/front/e/3/e339f0f7-a79d-4947-a9c4-b9a0949dd06a.jpg?1627704954,{1}{B},2.0,Creature — Goblin Warlock,['B'],['B'],True,Adventures in the Forgotten Realms,uncommon,Jason A. Engle,"{'usd': '0.10', 'usd_foil': '0.12'}"
Herald of Hadar,https://api.scryfall.com/cards/baa74204-2593-4468-856d-a5791336126a,https://c1.scryfall.com/file/scryfall-cards/normal/front/b/a/baa74204-2593-4468-856d-a5791336126a.jpg?1627704997,{4}{B},5.0,Creature — Human Warlock,['B'],['B'],True,Adventures in the Forgotten Realms,common,Valera Lutfullina,"{'usd': '0.01', 'usd_foil': '0.03'}"
Hired Hexblade,https://api.scryfall.com/cards/c23cbf01-90d0-4962-92d5-5e1566e8ef4b,https://c1.scryfall.com/file/scryfall-cards/normal/front/c/2/c23cbf01-90d0-4962-92d5-5e1566e8ef4b.jpg?1627705026,{1}{B},2.0,Creature — Elf Warlock,['B'],['B'],True,Adventures in the Forgotten Realms,common,Irina Nordsol,"{'usd': '0.01', 'usd_foil': '0.03'}"
Hoard Robber,https://api.scryfall.com/cards/b723d9cd-05f5-4894-9f2b-52a434a3019c,https://c1.scryfall.com/file/scryfall-cards/normal/front/b/7/b723d9cd-05f5-4894-9f2b-52a434a3019c.jpg?1627705067,{1}{B},2.0,Creature — Tiefling Rogue,['B'],['B'],True,Adventures in the Forgotten Realms,common,Anna Pavleeva,"{'usd': '0.03', 'usd_foil': '0.08'}"
Lightfoot Rogue,https://api.scryfall.com/cards/9f88de61-8dee-46b3-91b2-d4cdb4db36bf,https://c1.scryfall.com/file/scryfall-cards/normal/front/9/f/9f88de61-8dee-46b3-91b2-d4cdb4db36bf.jpg?1627705101,{1}{B},2.0,Creature — Halfling Rogue,['B'],['B'],True,Adventures in the Forgotten Realms,uncommon,Michele Parisi,"{'usd': '0.02', 'usd_foil': '0.07'}"
"Lolth, Spider Queen",https://api.scryfall.com/cards/420a5689-d73e-4dda-82fd-8b8897ff5b55,https://c1.scryfall.com/file/scryfall-cards/normal/front/4/2/420a5689-d73e-4dda-82fd-8b8897ff5b55.jpg?1628185302,{3}{B}{B},5.0,Legendary Planeswalker — Lolth,['B'],['B'],True,Adventures in the Forgotten Realms,mythic,Tyler Jacobson,"{'usd': '13.64', 'usd_foil': '15.31'}"
Manticore,https://api.scryfall.com/cards/3b3d9117-724a-4b67-be27-142b9c283788,https://c1.scryfall.com/file/scryfall-cards/normal/front/3/b/3b3d9117-724a-4b67-be27-142b9c283788.jpg?1627705197,{3}{B},4.0,Creature — Manticore,['B'],['B'],True,Adventures in the Forgotten Realms,common,Billy Christian,"{'usd': '0.01', 'usd_foil': '0.02'}"
Power Word Kill,https://api.scryfall.com/cards/395b6ce4-143f-4eed-b565-98aa3d6208ef,https://c1.scryfall.com/file/scryfall-cards/normal/front/3/9/395b6ce4-143f-4eed-b565-98aa3d6208ef.jpg?1627705234,{1}{B},2.0,Instant,['B'],['B'],True,Adventures in the Forgotten Realms,uncommon,Izzy,"{'usd': '0.27', 'usd_foil': '0.25'}"
Precipitous Drop,https://api.scryfall.com/cards/7293f9b4-565a-4065-940b-543f76ebecae,https://c1.scryfall.com/file/scryfall-cards/normal/front/7/2/7293f9b4-565a-4065-940b-543f76ebecae.jpg?1627705263,{2}{B},3.0,Enchantment — Aura,['B'],['B'],True,Adventures in the Forgotten Realms,common,Gabor Szikszai,"{'usd': '0.01', 'usd_foil': '0.06'}"
Ray of Enfeeblement,https://api.scryfall.com/cards/ff5d948b-fd89-4b90-9b63-ad7da13b5f0e,https://c1.scryfall.com/file/scryfall-cards/normal/front/f/f/ff5d948b-fd89-4b90-9b63-ad7da13b5f0e.jpg?1627705288,{B},1.0,Instant,['B'],['B'],True,Adventures in the Forgotten Realms,uncommon,Campbell White,"{'usd': '0.06', 'usd_foil': '0.13'}"
Reaper's Talisman,https://api.scryfall.com/cards/93b68168-e77d-4745-9393-726ef9fb72ec,https://c1.scryfall.com/file/scryfall-cards/normal/front/9/3/93b68168-e77d-4745-9393-726ef9fb72ec.jpg?1627705317,{B},1.0,Artifact — Equipment,['B'],['B'],True,Adventures in the Forgotten Realms,uncommon,Olena Richards,"{'usd': '0.10', 'usd_foil': '0.16'}"
Sepulcher Ghoul,https://api.scryfall.com/cards/5b302bc8-683f-4a26-ab86-87eaa19dce4d,https://c1.scryfall.com/file/scryfall-cards/normal/front/5/b/5b302bc8-683f-4a26-ab86-87eaa19dce4d.jpg?1627705347,{1}{B},2.0,Creature — Zombie,['B'],['B'],True,Adventures in the Forgotten Realms,common,Jason A. Engle,"{'usd': '0.01', 'usd_foil': '0.05'}"
Shambling Ghast,https://api.scryfall.com/cards/d96198a7-dd19-4940-bf8f-23135011fc84,https://c1.scryfall.com/file/scryfall-cards/normal/front/d/9/d96198a7-dd19-4940-bf8f-23135011fc84.jpg?1627705376,{B},1.0,Creature — Zombie,['B'],['B'],True,Adventures in the Forgotten Realms,common,Dave Kendall,"{'usd': '0.58', 'usd_foil': '1.02'}"
Skullport Merchant,https://api.scryfall.com/cards/2bbb8865-dc37-4d56-9a2d-a92f7462c338,https://c1.scryfall.com/file/scryfall-cards/normal/front/2/b/2bbb8865-dc37-4d56-9a2d-a92f7462c338.jpg?1627705401,{2}{B},3.0,Creature — Dwarf Citizen,['B'],['B'],True,Adventures in the Forgotten Realms,uncommon,Aaron Miller,"{'usd': '0.26', 'usd_foil': '0.28'}"
Sphere of Annihilation,https://api.scryfall.com/cards/3d2315a9-584b-4c59-af43-dd38bcb6c322,https://c1.scryfall.com/file/scryfall-cards/normal/front/3/d/3d2315a9-584b-4c59-af43-dd38bcb6c322.jpg?1627705427,{X}{B},1.0,Artifact,['B'],['B'],True,Adventures in the Forgotten Realms,rare,Jason Felix,"{'usd': '0.21', 'usd_foil': '0.27'}"
Thieves' Tools,https://api.scryfall.com/cards/f50b922e-32dd-4645-b6f4-c07d1a0c70fc,https://c1.scryfall.com/file/scryfall-cards/normal/front/f/5/f50b922e-32dd-4645-b6f4-c07d1a0c70fc.jpg?1627705456,{1}{B},2.0,Artifact — Equipment,['B'],['B'],True,Adventures in the Forgotten Realms,common,Deruchenko Alexander,"{'usd': '0.04', 'usd_foil': '0.09'}"
Vampire Spawn,https://api.scryfall.com/cards/b8975c72-b2ec-4c5f-86a4-4e1e3bb41c15,https://c1.scryfall.com/file/scryfall-cards/normal/front/b/8/b8975c72-b2ec-4c5f-86a4-4e1e3bb41c15.jpg?1627705486,{2}{B},3.0,Creature — Vampire,['B'],['B'],True,Adventures in the Forgotten Realms,common,Alex Brock,"{'usd': '0.03', 'usd_foil': '0.05'}"
Vorpal Sword,https://api.scryfall.com/cards/7adbe69f-326d-4b4f-850f-c57a1860d17c,https://c1.scryfall.com/file/scryfall-cards/normal/front/7/a/7adbe69f-326d-4b4f-850f-c57a1860d17c.jpg?1627705519,{B},1.0,Artifact — Equipment,['B'],['B'],True,Adventures in the Forgotten Realms,rare,Caio Monteiro,"{'usd': '1.11', 'usd_foil': '1.41'}"
Warlock Class,https://api.scryfall.com/cards/b7faf899-96b7-454e-b634-6684c2d72f26,https://c1.scryfall.com/file/scryfall-cards/normal/front/b/7/b7faf899-96b7-454e-b634-6684c2d72f26.jpg?1627705543,{B},1.0,Enchantment — Class,['B'],['B'],True,Adventures in the Forgotten Realms,uncommon,Kieran Yanner,"{'usd': '0.17', 'usd_foil': '0.29'}"
Westgate Regent,https://api.scryfall.com/cards/e757cc7d-b9cc-4ef1-80c9-a22755a6d271,https://c1.scryfall.com/file/scryfall-cards/normal/front/e/7/e757cc7d-b9cc-4ef1-80c9-a22755a6d271.jpg?1627705570,{3}{B}{B},5.0,Creature — Vampire,['B'],['B'],True,Adventures in the Forgotten Realms,rare,Mike Jordana,"{'usd': '0.51', 'usd_foil': '0.66'}"
Wight,https://api.scryfall.com/cards/f62abe9c-7599-433b-a964-10d6641f3586,https://c1.scryfall.com/file/scryfall-cards/normal/front/f/6/f62abe9c-7599-433b-a964-10d6641f3586.jpg?1627705598,{1}{B},2.0,Creature — Zombie Soldier,['B'],['B'],True,Adventures in the Forgotten Realms,rare,Slawomir Maniak,"{'usd': '0.24', 'usd_foil': '0.42'}"
Yuan-Ti Fang-Blade,https://api.scryfall.com/cards/a7e0e09c-ed43-4a37-85f2-c60bdfdb2624,https://c1.scryfall.com/file/scryfall-cards/normal/front/a/7/a7e0e09c-ed43-4a37-85f2-c60bdfdb2624.jpg?1627705628,{2}{B},3.0,Creature — Snake Rogue,['B'],['B'],True,Adventures in the Forgotten Realms,common,Simon Dominic,"{'usd': '0.02', 'usd_foil': '0.09'}"
Zombie Ogre,https://api.scryfall.com/cards/d4dbed36-190c-4748-b282-409a2fb5d134,https://c1.scryfall.com/file/scryfall-cards/normal/front/d/4/d4dbed36-190c-4748-b282-409a2fb5d134.jpg?1627705679,{3}{B}{B},5.0,Creature — Zombie Ogre,['B'],['B'],True,Adventures in the Forgotten Realms,common,Nicholas Gregory,"{'usd': '0.01', 'usd_foil': '0.04'}"
Armory Veteran,https://api.scryfall.com/cards/4177f57e-c239-47e8-ae50-5f593f6d54ec,https://c1.scryfall.com/file/scryfall-cards/normal/front/4/1/4177f57e-c239-47e8-ae50-5f593f6d54ec.jpg?1627705723,{1}{R},2.0,Creature — Orc Warrior,['R'],['R'],True,Adventures in the Forgotten Realms,common,Caio Monteiro,"{'usd': '0.01', 'usd_foil': '0.03'}"
Barbarian Class,https://api.scryfall.com/cards/647c2269-bdc7-4455-9158-73abbff6e50e,https://c1.scryfall.com/file/scryfall-cards/normal/front/6/4/647c2269-bdc7-4455-9158-73abbff6e50e.jpg?1627705778,{R},1.0,Enchantment — Class,['R'],['R'],True,Adventures in the Forgotten Realms,uncommon,Campbell White,"{'usd': '0.10', 'usd_foil': '0.18'}"
Battle Cry Goblin,https://api.scryfall.com/cards/9766a427-2bb3-4028-a502-d1194cdc93aa,https://c1.scryfall.com/file/scryfall-cards/normal/front/9/7/9766a427-2bb3-4028-a502-d1194cdc93aa.jpg?1627705831,{1}{R},2.0,Creature — Goblin,['R'],['R'],True,Adventures in the Forgotten Realms,uncommon,April Prime,"{'usd': '0.50', 'usd_foil': '0.78'}"
Boots of Speed,https://api.scryfall.com/cards/db6d9913-3d4f-4f47-ba3a-6586a50ddbd7,https://c1.scryfall.com/file/scryfall-cards/normal/front/d/b/db6d9913-3d4f-4f47-ba3a-6586a50ddbd7.jpg?1627705859,{R},1.0,Artifact — Equipment,['R'],['R'],True,Adventures in the Forgotten Realms,common,Chris Rallis,"{'usd': '0.08', 'usd_foil': '0.10'}"
Brazen Dwarf,https://api.scryfall.com/cards/3658e65b-df54-4327-9104-c2f3dd65df85,https://c1.scryfall.com/file/scryfall-cards/normal/front/3/6/3658e65b-df54-4327-9104-c2f3dd65df85.jpg?1627705968,{1}{R},2.0,Creature — Dwarf Shaman,['R'],['R'],True,Adventures in the Forgotten Realms,common,Gabor Szikszai,"{'usd': '0.01', 'usd_foil': '0.06'}"
Burning Hands,https://api.scryfall.com/cards/66e2d723-3fa0-4411-8f98-e4e6b3a5e6df,https://c1.scryfall.com/file/scryfall-cards/normal/front/6/6/66e2d723-3fa0-4411-8f98-e4e6b3a5e6df.jpg?1627705997,{1}{R},2.0,Instant,['R'],['R'],True,Adventures in the Forgotten Realms,uncommon,Olena Richards,"{'usd': '0.15', 'usd_foil': '0.23'}"
Chaos Channeler,https://api.scryfall.com/cards/7b9bb587-f732-42c9-a2a7-152629889997,https://c1.scryfall.com/file/scryfall-cards/normal/front/7/b/7b9bb587-f732-42c9-a2a7-152629889997.jpg?1627706019,{2}{R}{R},4.0,Creature — Human Shaman,['R'],['R'],True,Adventures in the Forgotten Realms,uncommon,David Palumbo,"{'usd': '0.02', 'usd_foil': '0.11'}"
Critical Hit,https://api.scryfall.com/cards/d2e9aaaf-0b51-4721-b75c-923892a41743,https://c1.scryfall.com/file/scryfall-cards/normal/front/d/2/d2e9aaaf-0b51-4721-b75c-923892a41743.jpg?1627706043,{1}{R},2.0,Instant,['R'],['R'],True,Adventures in the Forgotten Realms,uncommon,Francisco Miyara,"{'usd': '0.07', 'usd_foil': '0.07'}"
"Delina, Wild Mage",https://api.scryfall.com/cards/e87459aa-af8f-4bd2-a310-151353083a2e,https://c1.scryfall.com/file/scryfall-cards/normal/front/e/8/e87459aa-af8f-4bd2-a310-151353083a2e.jpg?1627706070,{3}{R},4.0,Legendary Creature — Elf Shaman,['R'],['R'],True,Adventures in the Forgotten Realms,rare,Wisnu Tan,"{'usd': '1.94', 'usd_foil': '1.98'}"
Dragon's Fire,https://api.scryfall.com/cards/9666987a-5267-46d3-9b00-31baa92a9cbc,https://c1.scryfall.com/file/scryfall-cards/normal/front/9/6/9666987a-5267-46d3-9b00-31baa92a9cbc.jpg?1627706098,{1}{R},2.0,Instant,['R'],['R'],True,Adventures in the Forgotten Realms,common,Campbell White,"{'usd': '0.13', 'usd_foil': '0.20'}"
Dueling Rapier,https://api.scryfall.com/cards/c304118a-c83b-490a-b0e2-721734a996ee,https://c1.scryfall.com/file/scryfall-cards/normal/front/c/3/c304118a-c83b-490a-b0e2-721734a996ee.jpg?1627706130,{R},1.0,Artifact — Equipment,['R'],['R'],True,Adventures in the Forgotten Realms,common,Anna Podedworna,"{'usd': '0.05', 'usd_foil': '0.08'}"
Earth-Cult Elemental,https://api.scryfall.com/cards/fa05f317-b2f8-4eea-951b-0c374774764b,https://c1.scryfall.com/file/scryfall-cards/normal/front/f/a/fa05f317-b2f8-4eea-951b-0c374774764b.jpg?1627706157,{4}{R}{R},6.0,Creature — Elemental,['R'],['R'],True,Adventures in the Forgotten Realms,common,Aaron Miller,"{'usd': '0.01', 'usd_foil': '0.02'}"
Farideh's Fireball,https://api.scryfall.com/cards/57a46987-f05a-4b83-af56-f18000874e65,https://c1.scryfall.com/file/scryfall-cards/normal/front/5/7/57a46987-f05a-4b83-af56-f18000874e65.jpg?1627706196,{3}{R}{R},5.0,Instant,['R'],['R'],True,Adventures in the Forgotten Realms,common,Josu Hernaiz,"{'usd': '0.03', 'usd_foil': '0.04'}"
Flameskull,https://api.scryfall.com/cards/32d3f766-4098-4023-9a23-e9ff6722b66d,https://c1.scryfall.com/file/scryfall-cards/normal/front/3/2/32d3f766-4098-4023-9a23-e9ff6722b66d.jpg?1627706222,{1}{R}{R},3.0,Creature — Skeleton,['R'],['R'],True,Adventures in the Forgotten Realms,mythic,Xavier Ribeiro,"{'usd': '0.46', 'usd_foil': '0.80'}"
Goblin Javelineer,https://api.scryfall.com/cards/d32b3f1b-40cb-413d-adb9-0809e4a2abdd,https://c1.scryfall.com/file/scryfall-cards/normal/front/d/3/d32b3f1b-40cb-413d-adb9-0809e4a2abdd.jpg?1627706258,{R},1.0,Creature — Goblin Warrior,['R'],['R'],True,Adventures in the Forgotten Realms,common,Mike Jordana,"{'usd': '0.06', 'usd_foil': '0.10'}"
Goblin Morningstar,https://api.scryfall.com/cards/998f3785-c806-4848-adcb-d89ea51159c5,https://c1.scryfall.com/file/scryfall-cards/normal/front/9/9/998f3785-c806-4848-adcb-d89ea51159c5.jpg?1627706292,{1}{R},2.0,Artifact — Equipment,['R'],['R'],True,Adventures in the Forgotten Realms,uncommon,Kari Christensen,"{'usd': '0.06', 'usd_foil': '0.07'}"
Hoarding Ogre,https://api.scryfall.com/cards/df39eaac-b13f-4cb3-960d-8f7a0d590663,https://c1.scryfall.com/file/scryfall-cards/normal/front/d/f/df39eaac-b13f-4cb3-960d-8f7a0d590663.jpg?1627706327,{3}{R},4.0,Creature — Ogre,['R'],['R'],True,Adventures in the Forgotten Realms,common,Tuan Duong Chu,"{'usd': '0.15', 'usd_foil': '0.17'}"
Hobgoblin Bandit Lord,https://api.scryfall.com/cards/09e9dc36-f2d8-4384-98cb-e44c00b02433,https://c1.scryfall.com/file/scryfall-cards/normal/front/0/9/09e9dc36-f2d8-4384-98cb-e44c00b02433.jpg?1627706357,{1}{R}{R},3.0,Creature — Goblin Rogue,['R'],['R'],True,Adventures in the Forgotten Realms,rare,Mark Zug,"{'usd': '1.36', 'usd_foil': '1.47'}"
Hobgoblin Captain,https://api.scryfall.com/cards/f7c0aa86-fd3b-4e0f-9d37-ce1ea8922243,https://c1.scryfall.com/file/scryfall-cards/normal/front/f/7/f7c0aa86-fd3b-4e0f-9d37-ce1ea8922243.jpg?1627706385,{1}{R},2.0,Creature — Goblin Barbarian,['R'],['R'],True,Adventures in the Forgotten Realms,common,Karl Kopinski,"{'usd': '0.02', 'usd_foil': '0.03'}"
Hulking Bugbear,https://api.scryfall.com/cards/f55d43d4-5f63-45c3-b8f8-0aebd23750a5,https://c1.scryfall.com/file/scryfall-cards/normal/front/f/5/f55d43d4-5f63-45c3-b8f8-0aebd23750a5.jpg?1627706409,{1}{R}{R},3.0,Creature — Goblin,['R'],['R'],True,Adventures in the Forgotten Realms,uncommon,Filip Burburan,"{'usd': '0.07', 'usd_foil': '0.13'}"
Improvised Weaponry,https://api.scryfall.com/cards/29d5fd00-c616-4079-a91e-4da0bcaf9120,https://c1.scryfall.com/file/scryfall-cards/normal/front/2/9/29d5fd00-c616-4079-a91e-4da0bcaf9120.jpg?1627706453,{2}{R},3.0,Sorcery,['R'],['R'],True,Adventures in the Forgotten Realms,common,Alix Branwyn,"{'usd': '0.01', 'usd_foil': '0.04'}"
Inferno of the Star Mounts,https://api.scryfall.com/cards/c788c6a6-20d9-4a93-a898-330b085226c4,https://c1.scryfall.com/file/scryfall-cards/normal/front/c/7/c788c6a6-20d9-4a93-a898-330b085226c4.jpg?1627767538,{4}{R}{R},6.0,Legendary Creature — Dragon,['R'],['R'],True,Adventures in the Forgotten Realms,mythic,Jesper Ejsing,"{'usd': '4.52', 'usd_foil': '6.35'}"
Jaded Sell-Sword,https://api.scryfall.com/cards/ff5219c0-fb43-47b1-b682-131ba7c70990,https://c1.scryfall.com/file/scryfall-cards/normal/front/f/f/ff5219c0-fb43-47b1-b682-131ba7c70990.jpg?1627706488,{3}{R},4.0,Creature — Dragon Warrior,['R'],['R'],True,Adventures in the Forgotten Realms,common,Randy Vargas,"{'usd': '0.01', 'usd_foil': '0.03'}"
Kick in the Door,https://api.scryfall.com/cards/222102d0-fed3-41fd-87b0-f6d22766d7fd,https://c1.scryfall.com/file/scryfall-cards/normal/front/2/2/222102d0-fed3-41fd-87b0-f6d22766d7fd.jpg?1627706518,{R},1.0,Sorcery,['R'],['R'],True,Adventures in the Forgotten Realms,common,Justine Cruz,"{'usd': '0.03', 'usd_foil': '0.06'}"
Magic Missile,https://api.scryfall.com/cards/c814ac58-8826-48cd-8209-4af6803866e3,https://c1.scryfall.com/file/scryfall-cards/normal/front/c/8/c814ac58-8826-48cd-8209-4af6803866e3.jpg?1627706554,{1}{R}{R},3.0,Sorcery,['R'],['R'],True,Adventures in the Forgotten Realms,uncommon,PINDURSKI,"{'usd': '0.14', 'usd_foil': '0.14'}"
Meteor Swarm,https://api.scryfall.com/cards/b8f5e669-4e69-4763-bbb9-e9685bde912c,https://c1.scryfall.com/file/scryfall-cards/normal/front/b/8/b8f5e669-4e69-4763-bbb9-e9685bde912c.jpg?1627706580,{X}{R}{R}{R},3.0,Sorcery,['R'],['R'],True,Adventures in the Forgotten Realms,rare,Olivier Bernard,"{'usd': '0.16', 'usd_foil': '0.22'}"
Minion of the Mighty,https://api.scryfall.com/cards/ffd0a827-778b-48c3-bb85-4b4acef351d6,https://c1.scryfall.com/file/scryfall-cards/normal/front/f/f/ffd0a827-778b-48c3-bb85-4b4acef351d6.jpg?1627706624,{R},1.0,Creature — Kobold,['R'],['R'],True,Adventures in the Forgotten Realms,rare,Oriana Menendez,"{'usd': '0.91', 'usd_foil': '0.98'}"
Orb of Dragonkind,https://api.scryfall.com/cards/9a1c2cdd-353c-4747-bf0e-b995dd37ffca,https://c1.scryfall.com/file/scryfall-cards/normal/front/9/a/9a1c2cdd-353c-4747-bf0e-b995dd37ffca.jpg?1627706657,{1}{R},2.0,Artifact,['R'],['R'],True,Adventures in the Forgotten Realms,rare,Brian Valeza,"{'usd': '0.66', 'usd_foil': '0.99'}"
Plundering Barbarian,https://api.scryfall.com/cards/d875881c-c285-47f1-8a37-e4a0239d47ec,https://c1.scryfall.com/file/scryfall-cards/normal/front/d/8/d875881c-c285-47f1-8a37-e4a0239d47ec.jpg?1627706689,{2}{R},3.0,Creature — Dwarf Barbarian,['R'],['R'],True,Adventures in the Forgotten Realms,common,Andrew Mar,"{'usd': '0.10', 'usd_foil': '0.16'}"
Price of Loyalty,https://api.scryfall.com/cards/47634528-cc34-406a-8572-812a41d6a86a,https://c1.scryfall.com/file/scryfall-cards/normal/front/4/7/47634528-cc34-406a-8572-812a41d6a86a.jpg?1627706717,{2}{R},3.0,Sorcery,['R'],['R'],True,Adventures in the Forgotten Realms,common,Oriana Menendez,"{'usd': '0.01', 'usd_foil': '0.05'}"
Red Dragon,https://api.scryfall.com/cards/7cf57369-b8e2-481c-89d4-c83c617499a3,https://c1.scryfall.com/file/scryfall-cards/normal/front/7/c/7cf57369-b8e2-481c-89d4-c83c617499a3.jpg?1627706749,{4}{R}{R},6.0,Creature — Dragon,['R'],['R'],True,Adventures in the Forgotten Realms,uncommon,Andrey Kuzinskiy,"{'usd': '0.10', 'usd_foil': '0.17'}"
Rust Monster,https://api.scryfall.com/cards/6a7c6b2c-9ba0-4fc1-9922-0988acf2dfde,https://c1.scryfall.com/file/scryfall-cards/normal/front/6/a/6a7c6b2c-9ba0-4fc1-9922-0988acf2dfde.jpg?1627706779,{2}{R},3.0,Creature — Beast,['R'],['R'],True,Adventures in the Forgotten Realms,uncommon,Simon Dominic,"{'usd': '0.01', 'usd_foil': '0.04'}"
Swarming Goblins,https://api.scryfall.com/cards/623c1d1b-69a4-4bc4-b388-17a7600fd960,https://c1.scryfall.com/file/scryfall-cards/normal/front/6/2/623c1d1b-69a4-4bc4-b388-17a7600fd960.jpg?1627706804,{4}{R},5.0,Creature — Goblin,['R'],['R'],True,Adventures in the Forgotten Realms,common,Andrew Mar,"{'usd': '0.01', 'usd_foil': '0.03'}"
Tiger-Tribe Hunter,https://api.scryfall.com/cards/46e0c229-aa31-4c79-bafe-28a8d8e64c61,https://c1.scryfall.com/file/scryfall-cards/normal/front/4/6/46e0c229-aa31-4c79-bafe-28a8d8e64c61.jpg?1627706830,{3}{R}{R},5.0,Creature — Human Barbarian,['R'],['R'],True,Adventures in the Forgotten Realms,uncommon,Grzegorz Rutkowski,"{'usd': '0.01', 'usd_foil': '0.05'}"
Unexpected Windfall,https://api.scryfall.com/cards/bae6a5fb-39f5-4cf8-85f7-661cb4570507,https://c1.scryfall.com/file/scryfall-cards/normal/front/b/a/bae6a5fb-39f5-4cf8-85f7-661cb4570507.jpg?1627706864,{2}{R}{R},4.0,Instant,['R'],['R'],True,Adventures in the Forgotten Realms,common,Alayna Danner,"{'usd': '0.48', 'usd_foil': '0.92'}"
Valor Singer,https://api.scryfall.com/cards/89bc162c-bdf1-43f7-882f-d8cee4f3f415,https://c1.scryfall.com/file/scryfall-cards/normal/front/8/9/89bc162c-bdf1-43f7-882f-d8cee4f3f415.jpg?1627706895,{2}{R},3.0,Creature — Tiefling Bard,['R'],['R'],True,Adventures in the Forgotten Realms,common,Justyna Gil,"{'usd': '0.01', 'usd_foil': '0.03'}"
Wish,https://api.scryfall.com/cards/3ed021d2-e2bc-44b3-8934-4bd02e0a42ec,https://c1.scryfall.com/file/scryfall-cards/normal/front/3/e/3ed021d2-e2bc-44b3-8934-4bd02e0a42ec.jpg?1627706920,{2}{R},3.0,Sorcery,['R'],['R'],True,Adventures in the Forgotten Realms,rare,Ekaterina Burmak,"{'usd': '0.65', 'usd_foil': '1.01'}"
Xorn,https://api.scryfall.com/cards/f73fdf76-e3a6-49d0-bfb0-4b7cdbd4271e,https://c1.scryfall.com/file/scryfall-cards/normal/front/f/7/f73fdf76-e3a6-49d0-bfb0-4b7cdbd4271e.jpg?1627706949,{2}{R},3.0,Creature — Elemental,['R'],['R'],True,Adventures in the Forgotten Realms,rare,Yigit Koroglu,"{'usd': '2.25', 'usd_foil': '4.03'}"
